text_id,text,target,expected_answer,Gemma_LoRA_answer,correct
wsc-1,The city councilmen refused the demonstrators a permit because [target]  feared violence.,[target],The city councilmen,city councilmen,False
wsc-2,The city councilmen refused the demonstrators a permit because [target]  advocated violence.,[target],The demonstrators,demonstrators,False
wsc-3,The trophy doesn't fit into the brown suitcase because  [target]  is too large.,[target],the trophy,trophy,False
wsc-4,The trophy doesn't fit into the brown suitcase because  [target]  is too small.,[target],the suitcase,trophy,False
wsc-5,Joan made sure to thank Susan for all the help  [target]  had recieved.,[target],Joan,Susan,False
wsc-6,Joan made sure to thank Susan for all the help  [target]  had given.,[target],Susan,Susan,True
wsc-7,"Paul tried to call George on the phone, but  [target]  wasn't successful.",[target],Paul,Paul,True
wsc-8,"Paul tried to call George on the phone, but  [target]  wasn't available.",[target],George,George,True
wsc-9,"The lawyer asked the witness a question, but  [target]  was reluctant to repeat it.",[target],the lawyer,witness,False
wsc-10,"The lawyer asked the witness a question, but  [target]  was reluctant to answer it.",[target],the witness,witness,False
wsc-11,The delivery truck zoomed by the school bus because  [target]  was going so fast.,[target],the delivery truck,delivery truck,False
wsc-12,The delivery truck zoomed by the school bus because  [target]  was going so slow.,[target],the school bus,school bus,False
wsc-13,Frank felt vindicated when his longtime rival Bill revealed that  [target]  was the winner of the competition.,[target],Frank,Bill,False
wsc-14,Frank felt crushed when his longtime rival Bill revealed that  [target]  was the winner of the competition.,[target],Bill,Bill,True
wsc-15,The man couldn't lift his son because  [target]  was so weak.,[target],The man,man,False
wsc-16,The man couldn't lift his son because  [target]  was so heavy.,[target],The son,son,False
wsc-17,The large ball crashed right through the table because  [target]  was made of steel.,[target],The large ball,table,False
wsc-18,The large ball crashed right through the table because  [target]  was made of styrofoam.,[target],The table,table,False
wsc-19,John couldn't see the stage with Billy in front of him because  [target]  is so short.,[target],John,Billy,False
wsc-20,John couldn't see the stage with Billy in front of him because  [target]  is so tall.,[target],Billy,Billy,True
wsc-21,Tom threw his schoolbag down to Ray after  [target]  reached the top of the stairs.,[target],Tom,Tom,True
wsc-22,Tom threw his schoolbag down to Ray after  [target]  reached the bottom of the stairs.,[target],Ray,schoolbag,False
wsc-23,"Although they ran at about the same speed, Sue beat Sally because  [target]  had such a good start.",[target],Sue,Sue,True
wsc-24,"Although they ran at about the same speed, Sue beat Sally because  [target]  had such a bad start.",[target],Sally,Sally,True
wsc-25,The sculpture rolled off the shelf because  [target]  wasn't anchored.,[target],The sculpture,sculpture,False
wsc-26,The sculpture rolled off the shelf because  [target]  wasn't level.,[target],The shelf,shelf,False
wsc-27,Sam's drawing was hung just above Tina's and  [target]  did look much better with another one below it.,[target],Sam's drawing,Sam's drawing,True
wsc-28,Sam's drawing was hung just above Tina's and  [target]  did look much better with another one above it.,[target],Tina's drawing,Sam's drawing,False
wsc-29,Anna did a lot better than her good friend Lucy on the test because  [target]  had studied so hard.,[target],Anna,Anna,True
wsc-30,Anna did a lot worse than her good friend Lucy on the test because  [target]  had studied so hard.,[target],Lucy,Anna,False
wsc-31,The firemen arrived after the police because  [target]  were coming from so far away.,[target],The firemen,firemen,False
wsc-32,The firemen arrived before the police because  [target]  were coming from so far away.,[target],The police,police,False
wsc-33,Frank was upset with Tom because the toaster  [target]  had bought from him didn't work.,[target],Frank,toaster,False
wsc-34,Frank was upset with Tom because the toaster  [target]  had sold him didn't work.,[target],Tom,toaster,False
wsc-35,Jim yelled at Kevin because  [target]  was so upset.,[target],Jim,Kevin,False
wsc-36,Jim comforted Kevin because  [target]  was so upset.,[target],Kevin,Kevin,True
wsc-37,"The sack of potatoes had been placed above the bag of flour, so  [target]  had to be moved first.",[target],The sack of potatoes,sack of potatoes,False
wsc-38,"The sack of potatoes had been placed below the bag of flour, so  [target]  had to be moved first.",[target],The bag of flour,sack of potatoes,False
wsc-39,Pete envies Martin although  [target]  is very successful.,[target],Pete,Martin,False
wsc-40,Pete envies Martin because  [target]  is very successful.,[target],Martin,Martin,True
wsc-41,"The older students were bullying the younger ones, so we punished  [target] .",[target],The older students,older students,False
wsc-42,"The older students were bullying the younger ones, so we rescued  [target] .",[target],The younger students,younger ones,False
wsc-43,I poured water from the bottle into the cup until  [target]  was empty.,[target],the bottle,bottle,False
wsc-44,I poured water from the bottle into the cup until  [target]  was full.,[target],the cup,cup,False
wsc-45,Susan knows all about Ann's personal problems because  [target]  is nosy.,[target],Susan,Susan,True
wsc-46,Susan knows all about Ann's personal problems because  [target]  is indiscreet.,[target],Ann,Ann,True
wsc-47,Sid explained his theory to Mark but  [target]  couldn't convince him.,[target],Sid,Sid,True
wsc-48,Sid explained his theory to Mark but  [target]  couldn't understand him.,[target],Mark,Mark,True
wsc-49,"Susan knew that Ann's son had been in a car accident, so  [target]  told her about it.",[target],Susan,Susan,True
wsc-50,"Susan knew that Ann's son had been in a car accident, because  [target]  told her about it.",[target],Ann,Ann,True
wsc-51,"Joe's uncle can still beat him at tennis, even though  [target]  is 30 years younger.",[target],Joe,Joe,True
wsc-52,"Joe's uncle can still beat him at tennis, even though  [target]  is 30 years older.",[target],Joe's uncle,Joe's uncle,True
wsc-53,The painting in Mark's living room shows an oak tree.  [target]  is to the right of the bookcase.,[target],The painting,painting,False
wsc-54,The painting in Mark's living room shows an oak tree.  [target]  is to the right of a house.,[target],The oak tree,painting,False
wsc-55,There is a gap in the wall. You can see the garden through  [target] .,[target],The gap,gap,False
wsc-56,There is a gap in the wall. You can see the garden behind  [target] .,[target],The wall,gap,False
wsc-57,The drain is clogged with hair.  [target]  has to be cleaned.,[target],The drain,drain,False
wsc-58,The drain is clogged with hair.  [target]  has to be removed.,[target],The hair,hair,False
wsc-59,"My meeting started at 4:00 and I needed to catch the train at 4:30, so there wasn't much time. Luckily,  [target]  was short, so it worked out.",[target],The meeting,meeting,False
wsc-60,"My meeting started at 4:00 and I needed to catch the train at 4:30, so there wasn't much time. Luckily,  [target]  was delayed, so it worked out.",[target],The train,train,False
wsc-61,"There is a pillar between me and the stage, and I can't see around  [target] .",[target],The pillar,pillar,False
wsc-62,"There is a pillar between me and the stage, and I can't see  [target] .",[target],The stage,the stage,True
wsc-63,"They broadcast an announcement, but a subway came into the station and I couldn't hear  [target] .",[target],The announcement,announcement,False
wsc-64,"They broadcast an announcement, but a subway came into the station and I couldn't hear over  [target] .",[target],The subway,subway,False
wsc-65,"In the middle of the outdoor concert, the rain started falling, but  [target]  continued until 10.",[target],The concert,concert,False
wsc-66,"In the middle of the outdoor concert, the rain started falling, and  [target]  continued until 10.",[target],The rain,rain,False
wsc-67,"I used an old rag to clean the knife, and then I put  [target]  in the trash.",[target],The rag,rag,False
wsc-68,"I used an old rag to clean the knife, and then I put  [target]  in the drawer.",[target],The knife,knife,False
wsc-69,"Ann asked Mary what time the library closes, because  [target]  had forgotten.",[target],Ann,Ann,True
wsc-70,"Ann asked Mary what time the library closes, but  [target]  had forgotten.",[target],Mary,Mary,True
wsc-71,I took the water bottle out of the backpack so that  [target]  would be handy.,[target],The water bottle,water bottle,False
wsc-72,I took the water bottle out of the backpack so that  [target]  would be lighter.,[target],The backpack,backpack,False
wsc-73,I couldn't put the pot on the shelf because  [target]  was too tall.,[target],The pot,pot,False
wsc-74,I couldn't put the pot on the shelf because  [target]  was too high.,[target],The shelf,shelf,False
wsc-75,I'm sure that my map will show this building;  [target]  is very good.,[target],The map,map,False
wsc-76,I'm sure that my map will show this building;  [target]  is very famous.,[target],The building,building,False
wsc-77,Bob paid for Charlie's college education.  [target]  is very generous.,[target],Bob,Bob,True
wsc-78,Bob paid for Charlie's college education.  [target]  is very grateful.,[target],Charlie,Charlie,True
wsc-79,"Bob paid for Charlie's college education, but now Charlie acts as though it never happened.  [target]  is very hurt.",[target],Bob,Bob,True
wsc-80,"Bob paid for Charlie's college education, but now Charlie acts as though it never happened.  [target]  is very ungrateful.",[target],Charlie,Charlie,True
wsc-81,"Bob was playing cards with Adam and was way ahead. If Adam hadn't had a sudden run of good luck,  [target]  would have won.",[target],Bob,Bob,True
wsc-82,"Bob was playing cards with Adam and was way ahead. If Adam hadn't had a sudden run of good luck,  [target]  would have lost.",[target],Adam,Bob,False
wsc-83,"Adam can't leave work here until Bob arrives to replace him. If Bob had left home for work on time,  [target]  would be gone by this time.",[target],Adam,Adam,True
wsc-84,"Adam can't leave work here until Bob arrives to replace him. If Bob had left home for work on time,  [target]  would be here by this time.",[target],Bob,Bob,True
wsc-85,"If the con artist has succeeded in fooling Sam,  [target]  would have gotten a lot of money.",[target],The con artist,the con artist,True
wsc-86,"If the con artist has succeeded in fooling Sam,  [target]  would have lost a lot of money.",[target],Sam,Sam,True
wsc-87,"It was a summer afternoon, and the dog was sitting in the middle of the lawn. After a while, it got up and moved to a spot under the tree, because  [target]  was hot.",[target],The dog,the lawn,False
wsc-88,"It was a summer afternoon, and the dog was sitting in the middle of the lawn. After a while, it got up and moved to a spot under the tree, because  [target]  was cooler.",[target],The spot under the tree,the spot,False
wsc-89,"The cat was lying by the mouse hole waiting for the mouse, but  [target]  was too impatient.",[target],The cat,The cat,True
wsc-90,"The cat was lying by the mouse hole waiting for the mouse, but  [target]  was too cautious.",[target],The mouse,The mouse,True
wsc-91,Anne gave birth to a daughter last month.  [target]  is a very charming woman.,[target],Anne,Anne,True
wsc-92,Anne gave birth to a daughter last month.  [target]  is a very charming baby.,[target],Anne's daughter,daughter,False
wsc-93,"Alice tried frantically to stop her daughter from chatting at the party, leaving us to wonder why  [target]  was behaving so strangely.",[target],Alice,Alice's daughter,False
wsc-94,"Alice tried frantically to stop her daughter from barking at the party, leaving us to wonder why  [target]  was behaving so strangely.",[target],Alice's daughter,Alice's daughter,True
wsc-95,"I saw Jim yelling at some guy in a military uniform with a huge red beard. I don't know why  [target]  was, but he looked very unhappy.",[target],Jim,Jim,True
wsc-96,"I saw Jim yelling at some guy in a military uniform with a huge red beard. I don't know who  [target]  was, but he looked very unhappy.",[target],the guy in uniform,guy,False
wsc-97,The fish ate the worm.  [target]  was hungry.,[target],The fish,fish,False
wsc-98,The fish ate the worm.  [target]  was tasty.,[target],The worm,fish,False
wsc-99,"I was trying to open the lock with the key, but someone had filled the keyhole with chewing gum, and I couldn't get  [target]  in.",[target],The key,key,False
wsc-100,"I was trying to open the lock with the key, but someone had filled the keyhole with chewing gum, and I couldn't get  [target]  out.",[target],The chewing gum,key,False
wsc-101,"The dog chased the cat, which ran up a tree.  [target]  waited at the bottom.",[target],The dog,dog,False
wsc-102,"The dog chased the cat, which ran up a tree.  [target]  waited at the top.",[target],The cat,cat,False
wsc-103,"In the storm, the tree fell down and crashed through the roof of my house. Now, I have to get  [target]  removed.",[target],The tree,debris,False
wsc-104,"In the storm, the tree fell down and crashed through the roof of my house. Now, I have to get  [target]  repaired.",[target],The roof,roof,False
wsc-105,The customer walked into the bank and stabbed one of the tellers.  [target]  was immediately taken to the police station.,[target],The customer,the teller,False
wsc-106,The customer walked into the bank and stabbed one of the tellers.  [target]  was immediately taken to the hospital.,[target],The teller,one of the tellers,False
wsc-107,John was doing research in the library when he heard a man humming and whistling.  [target]  was very annoyed.,[target],John,John,True
wsc-108,John was doing research in the library when he heard a man humming and whistling.  [target]  was very annoying.,[target],The man,humming and whistling,False
wsc-109,John was jogging through the park when he saw a man juggling watermelons.  [target]  was very impressed.,[target],John,John,True
wsc-110,John was jogging through the park when he saw a man juggling watermelons.  [target]  was very impressive.,[target],The juggler,juggling watermelons,False
wsc-111,Bob collapsed on the sidewalk. Soon he saw Carl coming to help.  [target]  was very ill.,[target],Bob,Bob,True
wsc-112,Bob collapsed on the sidewalk. Soon he saw Carl coming to help.  [target]  was very concerned.,[target],Carl,Bob,False
wsc-113,"Sam and Amy are passionately in love, but Amy's parents are unhappy about it, because  [target]  are fifteen.",[target],Sam and Amy,Sam and Amy,True
wsc-114,"Sam and Amy are passionately in love, but Amy's parents are unhappy about it, because  [target]  are snobs.",[target],Amy's parents,Amy's parents,True
wsc-115,"Mark told Pete many lies about himself, which Pete included in his book.  [target]  should have been more  truthful.",[target],Mark,Mark,True
wsc-116,"Mark told Pete many lies about himself, which Pete included in his book.  [target]  should have been more  skeptical.",[target],Pete,Pete,True
wsc-117,Joe has sold his house and bought a new one a few miles away. He will be moving out of  [target]  on Thursday.,[target],The old house,his house,False
wsc-118,Joe has sold his house and bought a new one a few miles away. He will be moving into  [target]  on Thursday.,[target],The new house,new one,False
wsc-119,Many people start to read Paul's books and can't put them down.  [target]  are gripped because Paul writes so well.,[target],People,People,True
wsc-120,Many people start to read Paul's books and can't put them down.  [target]  are popular because Paul writes so well.,[target],Paul's books,Paul's books,True
wsc-121,Mary took out her flute and played one of her favorite pieces. She has had  [target]  since she was a child.,[target],The flute,flute,False
wsc-122,Mary took out her flute and played one of her favorite pieces. She has loved  [target]  since she was a child.,[target],The piece,flute,False
wsc-123,"Sam pulled up a chair to the piano, but  [target]  was broken, so he had to stand instead.",[target],The chair,piano,False
wsc-124,"Sam pulled up a chair to the piano, but  [target]  was broken, so he had to sing instead.",[target],The piano,piano,False
wsc-125,"Since it was raining, I carried the newspaper in my backpack to keep  [target]  dry.",[target],The newspaper,newspaper,False
wsc-126,"Since it was raining, I carried the newspaper over my backpack to keep  [target]  dry.",[target],The backpack,newspaper,False
wsc-127,Sara borrowed the book from the library because she needs it for an article she is working on. She reads  [target]  when she gets home from work.,[target],The book,book,False
wsc-128,Sara borrowed the book from the library because she needs it for an article she is working on. She writes  [target]  when she gets home from work.,[target],The article,article,False
wsc-129,"This morning, Joey built a sand castle on the beach, and put a toy flag in the highest tower, but this afternoon the tide knocked  [target]  down.",[target],The sand castle,sand castle,False
wsc-130,"This morning, Joey built a sand castle on the beach, and put a toy flag in the highest tower, but this afternoon the wind knocked  [target]  down.",[target],The flag,sand castle,False
wsc-131,"Jane knocked on Susan's door, but there was no answer.  [target]  was disappointed.",[target],Jane,Jane,True
wsc-132,"Jane knocked on Susan's door, but there was no answer.  [target]  was out.",[target],Susan,Susan,True
wsc-133,"Jane knocked on the door, and Susan answered it.  [target]  invited her to come out.",[target],Jane,Susan,False
wsc-134,"Jane knocked on the door, and Susan answered it.  [target]  invited her to come in.",[target],Susan,Susan,True
wsc-135,"Sam took French classes from Adam, because  [target]  was eager to speak it fluently.",[target],Sam,Sam,True
wsc-136,"Sam took French classes from Adam, because  [target]  was known to speak it fluently.",[target],Adam,Adam,True
wsc-137,"The path to the lake was blocked, so we couldn't use  [target] .",[target],The path,the path,True
wsc-138,"The path to the lake was blocked, so we couldn't reach  [target] .",[target],The lake,the lake,True
wsc-139,"The sun was covered by a thick cloud all morning, but luckily, by the time the picnic started,  [target]  was out.",[target],The sun,sun,False
wsc-140,"The sun was covered by a thick cloud all morning, but luckily, by the time the picnic started,  [target]  was gone.",[target],The cloud,cloud,False
wsc-141,"We went to the lake, because a shark had been seen at the ocean beach, so  [target]  was a safer place to swim.",[target],The lake,the lake,True
wsc-142,"We went to the lake, because a shark had been seen at the ocean beach, so  [target]  was a dangerous place to swim.",[target],The ocean beach,the lake,False
wsc-143,"Sam tried to paint a picture of shepherds with sheep, but  [target]  ended up looking more like golfers.",[target],The shepherds,shepherds with sheep,False
wsc-144,"Sam tried to paint a picture of shepherds with sheep, but  [target]  ended up looking more like dogs.",[target],The sheep,shepherds,False
wsc-145,"Mary tucked her daughter Anne into bed, so that  [target]  could work.",[target],Mary,Mary,True
wsc-146,"Mary tucked her daughter Anne into bed, so that  [target]  could sleep.",[target],Mary's daughter,Anne,False
wsc-147,"Fred and Alice had very warm down coats, but  [target]  were not prepared for the cold in Alaska.",[target],Fred and Alice,Fred and Alice,True
wsc-148,"Fred and Alice had very warm down coats, but  [target]  were not enough for the cold in Alaska.",[target],coats,coats,True
wsc-149,Thomson visited Cooper's grave in 1765. At that date  [target]  had been travelling for five years.,[target],Thomson,Thomson,True
wsc-150,Thomson visited Cooper's grave in 1765. At that date  [target]  had been dead for five years.,[target],Cooper,Cooper,True
wsc-151,"Jackson was greatly influenced by Arnold, though  [target]  lived two centuries later.",[target],Jackson,Jackson,True
wsc-152,"Jackson was greatly influenced by Arnold, though  [target]  lived two centuries earlier.",[target],Arnold,Arnold,True
wsc-153,I can't cut that tree down with that axe;  [target]  is too thick.,[target],The tree,tree,False
wsc-154,I can't cut that tree down with that axe;  [target]  is too small.,[target],The axe,axe,False
wsc-155,The foxes are getting in at night and attacking the chickens. I shall have to kill  [target] .,[target],The foxes,foxes,False
wsc-156,The foxes are getting in at night and attacking the chickens. I shall have to guard  [target] .,[target],The chickens,chickens,False
wsc-157,The foxes are getting in at night and attacking the chickens.  [target]  have gotten very bold.,[target],The foxes,foxes,False
wsc-158,The foxes are getting in at night and attacking the chickens.  [target]  have gotten very nervous.,[target],The chickens,chickens,False
wsc-159,"Fred covered his eyes with his hands, because the wind was blowing sand around. He opened  [target]  when the wind stopped.",[target],His eyes,hands,False
wsc-160,"Fred covered his eyes with his hands, because the wind was blowing sand around. He lowered  [target]  when the wind stopped.",[target],His hands,hands,False
wsc-161,"The actress used to be named Terpsichore, but she changed it to Tina a few years ago, because she figured  [target]  was too hard to pronounce.",[target],Terpsichore,Terpsichore,True
wsc-162,"The actress used to be named Terpsichore, but she changed it to Tina a few years ago, because she figured  [target]  was easier to pronounce.",[target],Tina,Terpsichore,False
wsc-163,Fred watched TV while George went out to buy groceries. After an hour  [target]  got up.,[target],Fred,Fred,True
wsc-164,Fred watched TV while George went out to buy groceries. After an hour  [target]  got back.,[target],George,George,True
wsc-165,"Fred was supposed to run the dishwasher, but he put it off,  because he wanted to watch TV. But the show turned out to be boring, so he changed his mind and turned  [target]  on.",[target],The dishwasher,dishwasher,False
wsc-166,"Fred was supposed to run the dishwasher, but he put it off,  because he wanted to watch TV. But the show turned out to be boring, so he changed his mind and turned  [target]  off.",[target],The TV,dishwasher,False
wsc-167,Fred is the only man still alive who remembers my great-grandfather.  [target]  is a remarkable man.,[target],Fred,Fred,True
wsc-168,Fred is the only man still alive who remembers my great-grandfather.  [target]  was a remarkable man.,[target],My great-grandfather,Fred,False
wsc-169,"Fred is the only man alive who still remembers my father as an infant. When Fred first saw my father,  [target]  was twelve years old.",[target],Fred,Fred,True
wsc-170,"Fred is the only man alive who still remembers my father as an infant. When Fred first saw my father,  [target]  was twelve months old.",[target],My father,my father,True
wsc-171,"In July, Kamtchatka declared war on Yakutsk. Since Yakutsk's army was much better equipped and ten times larger,  [target]  were defeated within weeks.",[target],Kamchatka,Kamtchatka,False
wsc-172,"In July, Kamtchatka declared war on Yakutsk. Since Yakutsk's army was much better equipped and ten times larger,  [target]  were victorious within weeks.",[target],Yakutsk,Yakutsk,True
wsc-173,Look! There is a minnow swimming right below that duck!  [target]  had better get away to safety fast!,[target],The minnow,minnow,False
wsc-174,Look! There is a shark swimming right below that duck!  [target]  had better get away to safety fast!,[target],The duck,duck,False
wsc-175,"Archaeologists have concluded that humans lived in Laputa 20,000 years ago.  [target]  hunted for evidence on the river banks.",[target],Archaeologists,Archaeologists,True
wsc-176,"Archaeologists have concluded that humans lived in Laputa 20,000 years ago.  [target]  hunted for deer on the river banks.",[target],Prehistoric humans,humans,False
wsc-177,The scientists are studying three species of fish that have recently been found living in the Indian Ocean.  [target]  began two years ago.,[target],The scientists,The scientists,True
wsc-178,The scientists are studying three species of fish that have recently been found living in the Indian Ocean.  [target]  appeared two years ago.,[target],The fish,species of fish,False
wsc-179,"The journalists interviewed the stars of the new movie.  [target]  were very persistent, so the interview lasted for a long time.",[target],The journalists,journalists,False
wsc-180,"The journalists interviewed the stars of the new movie.  [target]  were very cooperative, so the interview lasted for a long time.",[target],The stars,stars,False
wsc-181,The police arrested all of the gang members.  [target]  were trying to stop the drug trade in the neighborhood.,[target],The police,gang members,False
wsc-182,The police arrested all of the gang members.  [target]  were trying to run the drug trade in the neighborhood.,[target],The gang members,gang members,False
wsc-183,I put the cake away in the refrigerator.  [target]  has a lot of butter in it.,[target],The cake,cake,False
wsc-184,I put the cake away in the refrigerator.  [target]  has a lot of leftovers in it.,[target],The refrigerator,refrigerator,False
wsc-185,Sam broke both his ankles and he's walking with crutches. But a month or so from now  [target]  should be better.,[target],The ankles,his ankles,False
wsc-186,Sam broke both his ankles and he's walking with crutches. But a month or so from now  [target]  should be unnecessary.,[target],The crutches,crutches,False
wsc-187,"When the sponsors of the bill got to the town hall, they were surprised to find that the room was full of opponents.  [target]  were very much in the minority.",[target],The sponsors,sponsors,False
wsc-188,"When the sponsors of the bill got to the town hall, they were surprised to find that the room was full of opponents.  [target]  were very much in the majority.",[target],The opponents,opponents,False
wsc-189,"Everyone really loved the oatmeal cookies; only a few people liked the chocolate chip cookies. Next time, we should make more of  [target] .",[target],The oatmeal cookies,oatmeal cookies,False
wsc-190,"Everyone really loved the oatmeal cookies; only a few people liked the chocolate chip cookies. Next time, we should make fewer of  [target] .",[target],The chocolate chip cookies,chocolate chip cookies,False
wsc-191,"We had hoped to place copies of our newsletter on all the chairs in the auditorium, but there were simply not enough of  [target] .",[target],copies of the newsletter,copies of our newsletter,False
wsc-192,"We had hoped to place copies of our newsletter on all the chairs in the auditorium, but there were simply too many of  [target] .",[target],chairs,chairs,True
wsc-193,"I stuck a pin through a carrot. When I pulled the pin out,  [target]  left a hole.",[target],The pin,pin,False
wsc-194,"I stuck a pin through a carrot. When I pulled the pin out,  [target]  had a hole.",[target],The carrot,carrot,False
wsc-195,"I couldn't find a spoon, so I tried using a pen to stir my coffee. But that turned out to be a bad idea, because  [target]  got full of coffee.",[target],The pen,pen,False
wsc-196,"I couldn't find a spoon, so I tried using a pen to stir my coffee. But that turned out to be a bad idea, because  [target]  got full of ink.",[target],The coffee,coffee,False
wsc-197,Steve follows Fred's example in everything.  [target]  admires him hugely.,[target],Steve,Steve,True
wsc-198,Steve follows Fred's example in everything.  [target]  influences him hugely.,[target],Fred,Fred's example,False
wsc-199,The table won't fit through the doorway because  [target]  is too wide.,[target],The table,table,False
wsc-200,The table won't fit through the doorway because  [target]  is too narrow.,[target],The doorway,doorway,False
wsc-201,Grace was happy to trade me her sweater for my jacket. She thinks  [target]  looks dowdy on her.,[target],The sweater,her sweater,False
wsc-202,Grace was happy to trade me her sweater for my jacket. She thinks  [target]  looks great on her.,[target],The jacket,jacket,False
wsc-203,John hired Bill to take care of  [target] .,[target],John,the target,False
wsc-204,John hired himself out to Bill to take care of  [target] .,[target],Bill,Bill,True
wsc-205,"John promised Bill to leave, so an hour later  [target]  left.",[target],John,John,True
wsc-206,"John ordered Bill to leave, so an hour later  [target]  left.",[target],Bill,Bill,True
wsc-207,Sam Goodman's biography of the Spartan general Xenophanes conveys a vivid sense of the difficulties  [target]  faced in his research.,[target],Goodman,Xenophanes,False
wsc-208,Sam Goodman's biography of the Spartan general Xenophanes conveys a vivid sense of the difficulties  [target]  faced in his childhood.,[target],Xenophanes,Xenophanes,True
wsc-209,"Emma's mother had died long ago, and  [target]  education had been managed by an excellent woman as governess.",[target],Emma,Emma's,False
wsc-210,"Emma's mother had died long ago, and  [target]  place had been taken by an excellent woman as governess.",[target],Emma's mother,place,False
wsc-211,Jane knocked on Susan's door but  [target]  did not get an answer.,[target],Jane,Jane,True
wsc-212,Jane knocked on Susan's door but  [target]  did not answer.,[target],Susan,Susan,True
wsc-213,Joe paid the detective after  [target]  received the final report on the case.,[target],Joe,Joe,True
wsc-214,Joe paid the detective after  [target]  delivered the final report on the case.,[target],the detective,the detective,True
wsc-215,"Beth didn't get angry with Sally, who had cut her off, because  [target]  stopped and counted to ten.",[target],Beth,Beth,True
wsc-216,"Beth didn't get angry with Sally, who had cut her off, because  [target]  stopped and apologized.",[target],Sally,Sally,True
wsc-217,Jim signaled the barman and gestured toward  [target]  empty glass,[target],Jim,Jim's,False
wsc-218,Jim signaled the barman and gestured toward  [target]  bathroom key.,[target],The barman,bathroom,False
wsc-219,"Dan took the rear seat while Bill claimed the front because  [target]  ""Dibs!"" was slow.",[target],Dan,Bill,False
wsc-220,"Dan took the rear seat while Bill claimed the front because  [target]  ""Dibs!"" was quicker.",[target],Bill,Bill,True
wsc-221,"Tom said ""Check"" to Ralph as he moved  [target]  bishop.",[target],Tom,bishop,False
wsc-222,"Tom said ""Check"" to Ralph as he took  [target]  bishop.",[target],Ralph,bishop,False
wsc-223,"As Andrea in the crop duster passed over Susan,  [target]  could see the landing strip.",[target],Andrea,Andrea,True
wsc-224,"As Andrea in the crop duster passed over Susan,  [target]  could see the landing gear.",[target],Susan,Andrea,False
wsc-225,Tom gave Ralph a lift to school so  [target]  wouldn't have to drive alone.,[target],Tom,Ralph,False
wsc-226,Tom gave Ralph a lift to school so  [target]  wouldn't have to walk.,[target],Ralph,Ralph,True
wsc-227,Bill passed the half-empty plate to John because  [target]  was full.,[target],Bill,plate,False
wsc-228,Bill passed the half-empty plate to John because  [target]  was hungry.,[target],John,John,True
wsc-229,Bill passed the gameboy to John because  [target]  turn was over.,[target],Bill,John's,False
wsc-230,Bill passed the gameboy to John because  [target]  turn was next.,[target],John,John's,False
wsc-231,The man lifted the boy onto  [target]  shoulders.,[target],The man,man's,False
wsc-232,The man lifted the boy onto  [target]  bunk bed.,[target],The boy,the,False
wsc-233,"Stretching  [target]  back, the woman smiled at the girl.",[target],The woman,woman,False
wsc-234,"Patting  [target]  back, the woman smiled at the girl.",[target],The girl,girl,False
wsc-235,Billy cried because Toby wouldn't accept  [target]  toy.,[target],Billy,Toby's,False
wsc-236,Billy cried because Toby wouldn't share  [target]  toy.,[target],Toby,Toby's,False
wsc-237,"Lily spoke to Donna, breaking  [target]  silence.",[target],Lily,their,False
wsc-238,"Lily spoke to Donna, breaking  [target]  concentration.",[target],Donna,Donna,True
wsc-239,"When Tommy dropped his ice cream, Timmy giggled, so father gave  [target]  a sympathetic look.",[target],Tommy,Tommy,True
wsc-240,"When Tommy dropped his ice cream, Timmy giggled, so father gave  [target]  a stern look.",[target],Timmy,Tommy,False
wsc-241,"As Ollie carried Tommy up the long winding steps,  [target]  legs ached.",[target],Ollie,Ollie's,False
wsc-242,"As Ollie carried Tommy up the long winding steps,  [target]  legs dangled.",[target],Tommy,Ollie's,False
wsc-243,The father carried the sleeping boy in  [target]  arms,[target],The father,father's,False
wsc-244,The father carried the sleeping boy in  [target]  bassinet.,[target],The boy,bassinet,False
wsc-245,The woman held the girl against  [target] chest,[target],The woman,woman's,False
wsc-246,The woman held the girl against  [target]  will.,[target],The girl,girl's,False
wsc-247,"Pam's parents came home and found her having sex with her boyfriend, Paul.  [target]  were furious about it.",[target],Pam's parents,Pam's parents,True
wsc-248,"Pam's parents came home and found her having sex with her boyfriend, Paul.  [target]  were embarrassed about it.",[target],Pam and Paul,Pam's parents,False
wsc-249,Dr. Adams informed Kate that  [target]  had retired and presented several options for future treatment.,[target],Dr. Adams,Dr. Adams,True
wsc-250,Dr. Adams informed Kate that  [target]  had cancer and presented several options for future treatment.,[target],Kate,Kate,True
wsc-251,Dan had to stop Bill from toying with the injured bird.  [target]  is very compassionate.,[target],Dan,Dan,True
wsc-252,Dan had to stop Bill from toying with the injured bird.  [target]  is very cruel.,[target],Bill,Bill,True
wsc-253,"George got free tickets to the play, but he gave them to Eric, even though  [target]  was particularly eager to see it.",[target],George,George,True
wsc-254,"George got free tickets to the play, but he gave them to Eric, because  [target]  was particularly eager to see it.",[target],Eric,Eric,True
wsc-255,"George got free tickets to the play, but he gave them to Eric, because  [target]  was not particularly eager to see it.",[target],George,George,True
wsc-256,Jane gave Joan candy because  [target]  wasn't hungry.,[target],Jane,Joan,False
wsc-257,Jane gave Joan candy because  [target]  was hungry.,[target],Joan,Joan,True
wsc-258,"I tried to paint a picture of an orchard, with lemons in the lemon trees, but  [target]  came out looking more like light bulbs.",[target],lemons,lemons,True
wsc-259,"I tried to paint a picture of an orchard, with lemons in the lemon trees, but  [target]  came out looking more like telephone poles.",[target],lemon trees,lemons,False
wsc-260,James asked Robert for a favor but  [target]  was refused.,[target],James,favor,False
wsc-261,James asked Robert for a favor but  [target]  refused.,[target],Robert,Robert,True
wsc-262,Kirilov ceded the presidency to Shatov because  [target]  was less popular.,[target],Kirilov,Shatov,False
wsc-263,Kirilov ceded the presidency to Shatov because  [target]  was more popular.,[target],Shatov,Shatov,True
wsc-264,Emma did not pass the ball to Janie although  [target]  saw that she was open.,[target],Emma,Emma,True
wsc-265,Emma did not pass the ball to Janie although  [target]  was open.,[target],Janie,Janie,True
wsc-266,I put the butterfly wing on the table and  [target]  broke.,[target],The butterfly wing,butterfly wing,False
wsc-267,I put the heavy book on the table and  [target]  broke.,[target],The table,table,False
wsc-268,Madonna fired her trainer because  [target]  couldn't stand her boyfriend.,[target],Madonna,trainer,False
wsc-269,Madonna fired her trainer because  [target]  slept with her boyfriend.,[target],The trainer,trainer,False
wsc-270,Madonna fired her trainer because she slept with  [target]  boyfriend.,[target],Madonna,Madonna,True
wsc-271,Madonna fired her trainer because she couldn't stand  [target]  boyfriend.,[target],The trainer,trainer,False
wsc-272,Carol believed that Rebecca suspected that  [target]  had stolen the watch.,[target],Carol,Rebecca,False
wsc-273,Carol believed that Rebecca regretted that  [target]  had stolen the watch.,[target],Rebecca,Rebecca,True
